INSERT INTO individuo (cpf, nome, tipo, rg, data_de_nascimento, nacionalidade, titulo_eleitor)
VALUES
    ('42519862358', 'Ana Maria Souza', 'Candidato', '123456789', '1980-03-25', 'Brasileira', '987654321012'), -- Candidata 1
    ('12486525482', 'Carlos Alberto Santos', 'Candidato', '987654321', '1975-09-12', 'Brasileira', '123456789012'), -- Vice 1
    ('46603592128', 'Maria Luiza Oliveira', 'Candidato', '567891234', '1995-01-18', 'Brasileira', '321654987012'), -- Candidata 2
    ('66507824902', 'Pedro Henrique Almeida', 'Candidato', '123987456', '2002-06-30', 'Brasileira', '106582164520'), -- Vice 2
    ('84166501982', 'Fernanda Cristina Lima', 'Candidato', '789456123', '1988-11-05', 'Brasileira', '543216789012'), -- Candidata 3
    ('19726485225', 'João Paulo Ferreira', 'Candidato', '456123789', '1992-04-10', 'Brasileira', '016087246158'), -- Candidata 4
    ('49925812673', 'Luciana dos Santos', 'Candidato', '465298027', '2010-08-22', 'Brasileira', '021854159357'), -- Vice 4
    ('75395102846', 'Paulo Roberto Risco', 'Candidato', '', '2005-02-15', 'Brasileira', '159258357852'), -- Doador 1
    ('45619732808', 'André Gustavo Zanardi', 'Doador', '', '1998-07-03', 'Brasileira', '159357852645'), -- Doador 2
    ('48265913870', 'Simão dos Santos Cruz', 'Doador', '', '2015-12-09', 'Brasileira', '123789357159'), -- Doador 3 
    ('85296374100', 'Juliana Aparecida Ferreira', 'Doador', '852963741', '1998-09-28', 'Brasileira', '741852963001'), -- Doador 4
    -- Integrantes Equipes de Apoio 1: 
    ('74185296311', 'Maria Eduarda Oliveira', 'Participante equipe de apoio', '852963741', '1992-04-12', 'Brasileira', '741852963112'),
    ('58962374122', 'Pedro Henrique Santos', 'Participante equipe de apoio', '589623741', '1988-08-25', 'Brasileira', '237415896122'),
    ('96385274133', 'Ana Clara Rodrigues', 'Participante equipe de apoio', '963852741', '1999-03-17', 'Brasileira', '963852741334'),
    ('23147896544', 'Lucas Gabriel Almeida', 'Participante equipe de apoio', '231478965', '1978-11-20', 'Brasileira', '478965231445'),
    ('78945612355', 'Larissa Fernanda Souza', 'Participante equipe de apoio', '789456123', '1983-07-05', 'Brasileira', '456123789556'),
    ('36925814766', 'Bruno Rafael Lima', 'Participante equipe de apoio', '369258147', '2003-01-30', 'Brasileira', '159357852456'),
    ('45678912377', 'Gabriela Vitória Ferreira', 'Participante equipe de apoio', '456789123', '1996-09-08', 'Brasileira', '123456789778'),
    ('12398745688', 'Thiago André Oliveira', 'Participante equipe de apoio', '123987456', '1981-05-22', 'Brasileira', '987654321889'),
    ('98745632199', 'Camila Eduarda Santos', 'Participante equipe de apoio', '987456321', '1990-12-14', 'Brasileira', '321654987990'),
    ('65412398700', 'Felipe Gustavo Almeida', 'Participante equipe de apoio', '654123987', '1975-06-28', 'Brasileira', '159159352458'),
    ('85296374101', 'Amanda Beatriz Silva', 'Participante equipe de apoio', '852963742', '1994-02-18', 'Brasileira', '741852963012'),
    -- Integrantes Equipe de Apoio 2:
    ('58962374102', 'Rodrigo Augusto Santos', 'Participante equipe de apoio', '589623742', '1989-09-05', 'Brasileira', '237415896023'),
    ('96385274103', 'Carolina Maria Rodrigues', 'Participante equipe de apoio', '963852742', '1997-05-30', 'Brasileira', '963852741034'),
    ('23147896504', 'Vitor Hugo Almeida', 'Participante equipe de apoio', '231478966', '1976-07-12', 'Brasileira', '478965231045'),
    ('78945612305', 'Bianca Luiza Souza', 'Participante equipe de apoio', '789456124', '1987-03-28', 'Brasileira', '456123789056'),
    ('36925814706', 'Leonardo Felipe Lima', 'Participante equipe de apoio', '369258148', '2000-08-15', 'Brasileira', '258147369067'),
    ('45678912307', 'Julia Helena Ferreira', 'Participante equipe de apoio', '456789124', '1991-01-01', 'Brasileira', '123456789078'),
    ('12398745608', 'Rafael Vinicius Oliveira', 'Participante equipe de apoio', '123987457', '1986-12-25', 'Brasileira', '987654321089'),
    ('98745632109', 'Manuela Alice Santos', 'Participante equipe de apoio', '987456322', '1995-06-10', 'Brasileira', '321654987090'),
    ('65412398710', 'Eduardo Gabriel Almeida', 'Participante equipe de apoio', '654123988', '1979-10-09', 'Brasileira', '987123654012'),
    ('74185296311', 'Mariana Beatriz Oliveira', 'Participante equipe de apoio', '741852964', '1998-03-12', 'Brasileira', '85296374111'),
    ('23741589612', 'Pedro Henrique Souza', 'Participante equipe de apoio', '237415897', '1985-11-20', 'Brasileira', '58962374112'),
    -- Integrantes da Equipe 3:
    ('96385274113', 'Larissa Fernanda Lima', 'Participante equipe de apoio', '963852743', '1992-04-08', 'Brasileira', '96385274113'),
    ('47896523114', 'Gustavo Adolfo Almeida', 'Participante equipe de apoio', '478965232', '1980-06-22', 'Brasileira', '23147896514'),
    ('45612378915', 'Ana Júlia Rodrigues', 'Participante equipe de apoio', '456123790', '1996-09-16', 'Brasileira', '78945612315'),
    ('25814736916', 'Felipe Augusto Ferreira', 'Participante equipe de apoio', '258147370', '1983-01-29', 'Brasileira', '36925814716'),
    ('12345678917', 'Camila Eduarda Santos', 'Participante equipe de apoio', '123456790', '1999-12-03', 'Brasileira', '45678912317'),
    ('98765432118', 'Lucas Gabriel Oliveira', 'Participante equipe de apoio', '987654323', '1988-07-07', 'Brasileira', '12398745618'),
    ('32165498719', 'Isabella Vitória Lima', 'Participante equipe de apoio', '321654988', '1990-05-15', 'Brasileira', '98745632119'),
    ('98712365420', 'Bruno Rafael Souza', 'Participante equipe de apoio', '987123655', '1984-02-26', 'Brasileira', '65412398720'),
    ('58962374121', 'Juliana Gabriela Ferreira', 'Participante equipe de apoio', '589623745', '1993-08-27', 'Brasileira', '96385274121'),
    ('96385274122', 'Thiago Henrique Almeida', 'Participante equipe de apoio', '963852746', '1981-04-19', 'Brasileira', '23147896522'),
    ('23147896523', 'Beatriz Helena Santos', 'Participante equipe de apoio', '231478967', '1997-11-06', 'Brasileira', '78945612323'),
    ('78945612324', 'Vinicius Eduardo Lima', 'Participante equipe de apoio', '789456127', '1989-02-14', 'Brasileira', '36925814724'),
    ('36925814725', 'Laura Maria Rodrigues', 'Participante equipe de apoio', '369258149', '1995-07-21', 'Brasileira', '45678912325'),
    -- Integrantes da Equipe 4:
    ('45678912326', 'Gabriel Pedro Oliveira', 'Participante equipe de apoio', '456789128', '1986-09-03', 'Brasileira', '12398745626'),
    ('12398745627', 'Fernanda Alice Almeida', 'Participante equipe de apoio', '123987458', '1994-06-17', 'Brasileira', '98745632127'),
    ('98745632128', 'Arthur Miguel Ferreira', 'Participante equipe de apoio', '987456324', '1982-12-11', 'Brasileira', '65412398728'),
    ('65412398729', 'Isabela Luiza Souza', 'Participante equipe de apoio', '654123989', '1998-01-05', 'Brasileira', '74185296329'),
    ('74185296330', 'Rafael Gustavo Lima', 'Participante equipe de apoio', '741852965', '1987-10-28', 'Brasileira', '23741589630'),
    ('23741589631', 'Manuela Vitória Rodrigues', 'Participante equipe de apoio', '237415898', '1991-03-22', 'Brasileira', '96385274131'),
    ('96385274132', 'Eduardo Felipe Santos', 'Participante equipe de apoio', '963852747', '1979-08-09', 'Brasileira', '47896523132'),
    ('47896523133', 'Alice Helena Almeida', 'Participante equipe de apoio', '478965233', '1995-05-01', 'Brasileira', '45612378933'),
    ('45612378934', 'Leonardo Bruno Ferreira', 'Participante equipe de apoio', '456123791', '1986-11-18', 'Brasileira', '25814736934'),
    ('25814736935', 'Caroline Mariana Oliveira', 'Participante equipe de apoio', '258147371', '1992-09-29', 'Brasileira', '12345678935'),
    ('12345678936', 'Vitor Hugo Souza', 'Participante equipe de apoio', '123456792', '1984-07-04', 'Brasileira', '98765432136')
    
INSERT INTO processo_judicial (nro_processo, data, acusado)
VALUES 
    ('0216907846952317854925648', '2014-06-17', '12486525482'), -- Carlos Alberto Santos
    ('2594625871034950134858154', '2019-03-21', '46603592128'), -- Maria Luiza Oliveira 
    ('7989119588562058892020819', '2021-04-03', '84166501982'); -- Fernanda Cristina Lima

INSERT INTO partido (nome, abreviação, nro_integrantes) --Preencher
VALUES 
    ('Partido do Trabalho Intenso', 'PTI', 13),
    ('Partido Azul', 'PA', 11),
    ('Partido Brasileiro Político', 'PBP', 8),
    ('Partido da Liberdade Cinza', 'PLC', 14),

INSERT INTO programa_partido (partido, descrição) -- Preencher
VALUES 
    (1, 'Somos um partido que busca a dignidade no trabalho, sendo ele político ou laboroso!'),
    (2, 'Um partido que busca o equilíbrio ambiental acima de tudo, bem como o desenvolvimento sustentável!'),
    (3, 'Um partido que busca alianças dignas de políticas que vão de encontro aos interesses do Brasil!'),
    (4, 'Liberdade não deve ser algo intangível, assim como a cor cinza, deve ser comum e igualitária.');

INSERT INTO candidato (cpf, vice, partido)
VALUES 
    ('42519862358', '1', 1),-- 1
    ('46603592128', '1', 2),-- 2
    ('84166501982', '0', 3),-- 3
    ('19726485225', '1', 4),-- 4
    ('12486525482', '1', 4),
    ('66507824902', '1', 4),
    ('49925812673', '1', 4);

INSERT INTO pleito (nome, quantidade_votos)
VALUES 
    ('Eleições Gerais para o Estado Brasileiro', '77982024');

INSERT INTO cargo (titulo, tipo)
VALUES 
    ('Presidente', 'Federal'),
    ('Vice-Presidente', 'Federal'),
    ('Governador', 'Estadual'),
    ('Vice-Governador', 'Estadual');

INSERT INTO equipe_de_apoio (nome, nro_membros)
VALUES 
    ('Equipe 1', 11),
    ('Equipe 2', 12),
    ('Equipe 3', 13),
    ('Equipe 4', 11),

INSERT INTO candidatura (candidato_principal, candidato_vice, cargo, equipe_de_apoio, pleito, ano, nro_votos)
VALUES 
    ('42519862358', '12486525482', 1, 1, 'Eleições Gerais para o Estado Brasileiro', 2022, 51988016),
    ('46603592128', '66507824902', 1,2, 'Eleições Gerais para o Estado Brasileiro', 2022, 25994008),
    ('84166501982', NULL, 3, 3, 'Eleições Gerais para o Estado Brasileiro', 2018, 19495506),
    ('19726485225', '49925812673', 3, 4, 'Eleições Gerais para o Estado Brasileiro', 2018, 58486518);

INSERT INTO doadores (cpf, valor_doação, candidatura)
VALUES 
    ('75395102846', 85000, 1),
    ('45619732808', 270000, 2),
    ('48265913870', 1000000, 3),
    ('85296374100', 510000, 4);

INSERT INTO empresa (cnpj, nome, localização, valor_doação, candidatura)
VALUES 
    ('12345678000198', 'Tech Solutions SA', 'São Paulo', 500000, 1),
    ('98765432000102', 'InovaTech LTDA', 'Rio de Janeiro', 2000000, 2),
    ('54321098000187', 'Green Energy Corp', 'Minas Gerais', 2500000, 3),
    ('87654321000165', 'AgroTech Solutions', 'Paraná', 4000000, 4),
    ('21098765000154', 'HealthTech Innovations', 'Santa Catarina', 3000000, 1),
    ('65432109000132', 'EduTech Group', 'Rio Grande do Sul', 4500000, 2),
    ('09876543000121', 'FinTech Services', 'Bahia', 8000000, 3),
    ('32109876000110', 'BioTech Research', 'Pernambuco', 850000, 4);


INSERT INTO participantes_equipe_de_apoio (cpf, equipe_de_apoio)
VALUES 
    -- Integrantes Equipes de Apoio 1: 
    ('74185296311', 1),
    ('58962374122', 1),
    ('96385274133', 1),
    ('23147896544', 1),
    ('78945612355', 1),
    ('36925814766', 1), 
    ('45678912377', 1),
    ('12398745688', 1),
    ('98745632199', 1),
    ('65412398700', 1),
    ('85296374101', 1), 
    -- Integrantes Equipe de Apoio 2:
    ('58962374102', 2), 
    ('96385274103', 2),
    ('23147896504', 2),
    ('78945612305', 2),
    ('36925814706', 2),
    ('45678912307', 2),
    ('12398745608', 2),
    ('98745632109', 2),
    ('65412398710', 2),
    ('23741589612', 2),
    -- Intehrantes da Equipe 3:
    ('96385274113', 3),
    ('47896523114', 3),
    ('45612378915', 3),
    ('25814736916', 3),
    ('12345678917', 3),
    ('98765432118', 3),
    ('32165498719', 3),
    ('98712365420', 3),
    ('58962374121', 3),
    ('96385274122', 3),
    ('23147896523', 3),
    ('78945612324', 3),
    ('36925814725', 3),
    -- Integrantes da Equipe 4:
    ('45678912326', 4),
    ('12398745627', 4),
    ('98745632128', 4),
    ('65412398729', 4), 
    ('74185296330', 4), 
    ('23741589631', 4), 
    ('96385274132', 4),
    ('47896523133', 4), 
    ('45612378934', 4),
    ('25814736935', 4), 
    ('12345678936', 4);
--
-- consultas
--
-- Selecionar todos os registros da tabela 'individuo'
SELECT *
FROM individuo;
-- Selecionar todos os registros da tabela 'processo_judicial'
SELECT *
FROM processo_judicial;
-- Selecionar todos os registros da tabela 'partido'
SELECT *
FROM partido;
-- Selecionar todos os registros da tabela 'programa_partido'
SELECT *
FROM programa_partido;
-- Selecionar todos os registros da tabela 'candidato'
SELECT *
FROM candidato;
-- Selecionar todos os registros da tabela 'pleito'
SELECT *
FROM pleito;
-- Selecionar todos os registros da tabela 'cargo'
SELECT *
FROM cargo;
-- Selecionar todos os registros da tabela 'equipe_de_apoio'
SELECT *
FROM equipe_de_apoio;
-- Selecionar todos os registros da tabela 'candidatura'
SELECT *
FROM candidatura;
-- Selecionar todos os registros da tabela 'doadores'
SELECT *
FROM doadores;
-- Selecionar todos os registros da tabela 'empresa'
SELECT *
FROM empresa;
-- Selecionar todos os registros da tabela 'participantes_equipe_de_apoio'
SELECT *
FROM participantes_equipe_de_apoio;
--
--
--
-- Listagem de candidaturas ordenadas por ano
SELECT c.id_candidatura,
  c.ano,
  i_principal.nome AS candidato_principal,
  i_vice.nome AS candidato_vice,
  cargo.titulo AS cargo
FROM candidatura c
  JOIN candidato candidato_principal ON c.candidato_principal = candidato_principal.cpf
  JOIN individuo i_principal ON candidato_principal.cpf = i_principal.cpf
  LEFT JOIN candidato candidato_vice ON c.candidato_vice = candidato_vice.cpf
  LEFT JOIN individuo i_vice ON candidato_vice.cpf = i_vice.cpf
  JOIN cargo ON c.cargo = cargo.id_cargo
ORDER BY c.ano;
-- Listagem de candidaturas ordenadas pelo nome do candidato principal
SELECT c.id_candidatura,
  c.ano,
  i_principal.nome AS candidato_principal,
  i_vice.nome AS candidato_vice,
  cargo.titulo AS cargo
FROM candidatura c
  JOIN candidato candidato_principal ON c.candidato_principal = candidato_principal.cpf
  JOIN individuo i_principal ON candidato_principal.cpf = i_principal.cpf
  LEFT JOIN candidato candidato_vice ON c.candidato_vice = candidato_vice.cpf
  LEFT JOIN individuo i_vice ON candidato_vice.cpf = i_vice.cpf
  JOIN cargo ON c.cargo = cargo.id_cargo
ORDER BY i_principal.nome;
-- Listagem de candidaturas ordenadas pelo título do cargo
SELECT c.id_candidatura,
  c.ano,
  i_principal.nome AS candidato_principal,
  i_vice.nome AS candidato_vice,
  cargo.titulo AS cargo
FROM candidatura c
  JOIN candidato candidato_principal ON c.candidato_principal = candidato_principal.cpf
  JOIN individuo i_principal ON candidato_principal.cpf = i_principal.cpf
  LEFT JOIN candidato candidato_vice ON c.candidato_vice = candidato_vice.cpf
  LEFT JOIN individuo i_vice ON candidato_vice.cpf = i_vice.cpf
  JOIN cargo ON c.cargo = cargo.id_cargo
ORDER BY cargo.titulo;
-- Relatório de candidaturas eleitas, incluindo candidatos principais e vices
SELECT c.ano,
  i1.nome AS candidato_eleito,
  i2.nome AS vice_eleito,
  c.nro_votos
FROM candidatura c
  JOIN candidato cp ON c.candidato_principal = cp.cpf
  JOIN individuo i1 ON cp.cpf = i1.cpf
  LEFT JOIN candidato cv ON c.candidato_vice = cv.cpf
  LEFT JOIN individuo i2 ON cv.cpf = i2.cpf
WHERE c.nro_votos = (
    SELECT MAX(c1.nro_votos)
    FROM candidatura c1
    WHERE c1.ano = c.ano
  );
-- Consulta SQL para Listar Pessoas Ficha Limpa
WITH processos_recente AS (
  SELECT acusado
  FROM processo_judicial
  WHERE data >= (CURRENT_DATE - INTERVAL '5 YEARS')
)
SELECT i.cpf,
  i.nome,
  i.tipo,
  i.rg,
  i.data_de_nascimento,
  i.nacionalidade,
  i.titulo_eleitor
FROM individuo i
  LEFT JOIN (
    SELECT acusado
    FROM processo_judicial
    WHERE data >= (CURRENT_DATE - INTERVAL '5 YEARS')
  ) pr ON i.cpf = pr.acusado
WHERE pr.acusado IS NULL;
--
-- deletes
--
-- Deletar registros das tabelas dependentes
DELETE FROM participantes_equipe_de_apoio;
DELETE FROM doadores;
DELETE FROM empresa;
DELETE FROM candidatura;
DELETE FROM candidato;
DELETE FROM programa_partido;
DELETE FROM processo_judicial;
-- Deletar registros das tabelas independentes
DELETE FROM equipe_de_apoio;
DELETE FROM pleito;
DELETE FROM cargo;
DELETE FROM partido;
DELETE FROM individuo;
