INSERT INTO individuo (cpf, nome, tipo, rg, data_de_nascimento, nacionalidade, titulo_eleitor)
VALUES
    ('42519862358', 'Ana Maria Souza', 'Física', '123456789', '1980-03-25', 'Brasileira', '987654321012'), -- Candidata 1
    ('12486525482', 'Carlos Alberto Santos', 'Física', '987654321', '1975-09-12', 'Brasileira', '123456789012'), -- Vice 1
    ('46603592128', 'Maria Luiza Oliveira', 'Física', '567891234', '1995-01-18', 'Brasileira', '321654987012'), -- Candidata 2
    ('66507824902', 'Pedro Henrique Almeida', 'Física', '123987456', '2002-06-30', 'Brasileira', '106582164520'), -- Vice 2
    ('84166501982', 'Fernanda Cristina Lima', 'Física', '789456123', '1988-11-05', 'Brasileira', '543216789012'), -- Candidata 3
    ('19726485225', 'João Paulo Ferreira', 'Física', '456123789', '1992-04-10', 'Brasileira', '016087246158'), -- Candidata 4
    ('49925812673', 'Luciana dos Santos', 'Física', '465298027', '2010-08-22', 'Brasileira', '021854159357'), -- Vice 4
    ('75395102846', 'Paulo Roberto Risco', 'Física', '', '2005-02-15', 'Brasileira', '159258357852'), -- Doador 1
    ('45619732808', 'André Gustavo Zanardi', 'Física', '', '1998-07-03', 'Brasileira', '159357852645'), -- Doador 2
    ('48265913870', 'Simão dos Santos Cruz', 'Física', '', '2015-12-09', 'Brasileira', '123789357159'); -- Doador 3 
    ('85296374100', 'Juliana Aparecida Ferreira', 'Física', '852963741', '1998-09-28', 'Brasileira', '741852963001'), -- Doador 4
    -- Integrantes Equipes de Apoio 1: 
    ('74185296311', 'Maria Eduarda Oliveira', 'Física', '852963741', '1992-04-12', 'Brasileira', '741852963112'),
    ('58962374122', 'Pedro Henrique Santos', 'Física', '589623741', '1988-08-25', 'Brasileira', '237415896122'),
    ('96385274133', 'Ana Clara Rodrigues', 'Física', '963852741', '1999-03-17', 'Brasileira', '963852741334'),
    ('23147896544', 'Lucas Gabriel Almeida', 'Física', '231478965', '1978-11-20', 'Brasileira', '478965231445'),
    ('78945612355', 'Larissa Fernanda Souza', 'Física', '789456123', '1983-07-05', 'Brasileira', '456123789556'),
    ('36925814766', 'Bruno Rafael Lima', 'Física', '369258147', '2003-01-30', 'Brasileira', '159357852456'),
    ('45678912377', 'Gabriela Vitória Ferreira', 'Física', '456789123', '1996-09-08', 'Brasileira', '123456789778'),
    ('12398745688', 'Thiago André Oliveira', 'Física', '123987456', '1981-05-22', 'Brasileira', '987654321889'),
    ('98745632199', 'Camila Eduarda Santos', 'Física', '987456321', '1990-12-14', 'Brasileira', '321654987990'),
    ('65412398700', 'Felipe Gustavo Almeida', 'Física', '654123987', '1975-06-28', 'Brasileira', '159159352458');
    ('85296374101', 'Amanda Beatriz Silva', 'Física', '852963742', '1994-02-18', 'Brasileira', '741852963012'),
    -- Integrantes Equipe de Apoio 2:
    ('58962374102', 'Rodrigo Augusto Santos', 'Física', '589623742', '1989-09-05', 'Brasileira', '237415896023'),
    ('96385274103', 'Carolina Maria Rodrigues', 'Física', '963852742', '1997-05-30', 'Brasileira', '963852741034'),
    ('23147896504', 'Vitor Hugo Almeida', 'Física', '231478966', '1976-07-12', 'Brasileira', '478965231045'),
    ('78945612305', 'Bianca Luiza Souza', 'Física', '789456124', '1987-03-28', 'Brasileira', '456123789056'),
    ('36925814706', 'Leonardo Felipe Lima', 'Física', '369258148', '2000-08-15', 'Brasileira', '258147369067'),
    ('45678912307', 'Julia Helena Ferreira', 'Física', '456789124', '1991-01-01', 'Brasileira', '123456789078'),
    ('12398745608', 'Rafael Vinicius Oliveira', 'Física', '123987457', '1986-12-25', 'Brasileira', '987654321089'),
    ('98745632109', 'Manuela Alice Santos', 'Física', '987456322', '1995-06-10', 'Brasileira', '321654987090'),
    ('65412398710', 'Eduardo Gabriel Almeida', 'Física', '654123988', '1979-10-09', 'Brasileira', '987123654012');
    ('74185296311', 'Mariana Beatriz Oliveira', 'Física', '741852964', '1998-03-12', 'Brasileira', '85296374111'),
    ('23741589612', 'Pedro Henrique Souza', 'Física', '237415897', '1985-11-20', 'Brasileira', '58962374112'),
    -- Intehrantes da Equipe 3:
    ('96385274113', 'Larissa Fernanda Lima', 'Física', '963852743', '1992-04-08', 'Brasileira', '96385274113'),
    ('47896523114', 'Gustavo Adolfo Almeida', 'Física', '478965232', '1980-06-22', 'Brasileira', '23147896514'),
    ('45612378915', 'Ana Júlia Rodrigues', 'Física', '456123790', '1996-09-16', 'Brasileira', '78945612315'),
    ('25814736916', 'Felipe Augusto Ferreira', 'Física', '258147370', '1983-01-29', 'Brasileira', '36925814716'),
    ('12345678917', 'Camila Eduarda Santos', 'Física', '123456790', '1999-12-03', 'Brasileira', '45678912317'),
    ('98765432118', 'Lucas Gabriel Oliveira', 'Física', '987654323', '1988-07-07', 'Brasileira', '12398745618'),
    ('32165498719', 'Isabella Vitória Lima', 'Física', '321654988', '1990-05-15', 'Brasileira', '98745632119'),
    ('98712365420', 'Bruno Rafael Souza', 'Física', '987123655', '1984-02-26', 'Brasileira', '65412398720'),
    ('58962374121', 'Juliana Gabriela Ferreira', 'Física', '589623745', '1993-08-27', 'Brasileira', '96385274121'),
    ('96385274122', 'Thiago Henrique Almeida', 'Física', '963852746', '1981-04-19', 'Brasileira', '23147896522'),
    ('23147896523', 'Beatriz Helena Santos', 'Física', '231478967', '1997-11-06', 'Brasileira', '78945612323'),
    ('78945612324', 'Vinicius Eduardo Lima', 'Física', '789456127', '1989-02-14', 'Brasileira', '36925814724'),
    ('36925814725', 'Laura Maria Rodrigues', 'Física', '369258149', '1995-07-21', 'Brasileira', '45678912325'),
    -- Integrantes da Equipe 4:
    ('45678912326', 'Gabriel Pedro Oliveira', 'Física', '456789128', '1986-09-03', 'Brasileira', '12398745626'),
    ('12398745627', 'Fernanda Alice Almeida', 'Física', '123987458', '1994-06-17', 'Brasileira', '98745632127'),
    ('98745632128', 'Arthur Miguel Ferreira', 'Física', '987456324', '1982-12-11', 'Brasileira', '65412398728'),
    ('65412398729', 'Isabela Luiza Souza', 'Física', '654123989', '1998-01-05', 'Brasileira', '74185296329'),
    ('74185296330', 'Rafael Gustavo Lima', 'Física', '741852965', '1987-10-28', 'Brasileira', '23741589630'),
    ('23741589631', 'Manuela Vitória Rodrigues', 'Física', '237415898', '1991-03-22', 'Brasileira', '96385274131'),
    ('96385274132', 'Eduardo Felipe Santos', 'Física', '963852747', '1979-08-09', 'Brasileira', '47896523132'),
    ('47896523133', 'Alice Helena Almeida', 'Física', '478965233', '1995-05-01', 'Brasileira', '45612378933'),
    ('45612378934', 'Leonardo Bruno Ferreira', 'Física', '456123791', '1986-11-18', 'Brasileira', '25814736934'),
    ('25814736935', 'Caroline Mariana Oliveira', 'Física', '258147371', '1992-09-29', 'Brasileira', '12345678935'),
    ('12345678936', 'Vitor Hugo Souza', 'Física', '123456792', '1984-07-04', 'Brasileira', '98765432136')
    
INSERT INTO processo_judicial (nro_processo, data, acusado)
VALUES 
    ('0216907846952317854925648', '2014-06-17', '12486525482'), -- Carlos Alberto Santos
    ('2594625871034950134858154', '2019-03-21', '46603592128'), -- Maria Luiza Oliveira 
    ('7989119588562058892020819', '2021-04-03', '84166501982'); -- Fernanda Cristina Lima

INSERT INTO partido (nome, abreviação, nro_integrantes) --Preencher
VALUES 
    ('Partido do Trabalho Intenso', 'PTI', '13'),
    ('Partido Azul', 'PA', '11'),
    ('Partido Brasileiro Político', 'PBP', '8'),
    ('Partido da Liberdade Cinza', 'PLC', '14'),

INSERT INTO programa_partido (partido, descrição) -- Preencher
VALUES 
    ('Partido do Trabalho Digno', 'Somos um partido que busca a dignidade no trabalho, sendo ele político ou laboroso!'),
    ('Partido Azul', 'Um partido que busca o equilíbrio ambiental acima de tudo, bem como o desenvolvimento sustentável!'),
    ('Partido Brasileiro Político', 'Um partido que busca alianças dignas de políticas que vão de encontro aos interesses do Brasil!'),
    ('Partido da Liberdade Cinza', 'Liberdade não deve ser algo intangível, assim como a cor cinza, deve ser comum e igualitária.');

INSERT INTO candidato (cpf, vice, partido)
VALUES 
    ('42519862358', 'YES', ''), -- 1
    ('46603592128', 'YES', ''), -- 2
    ('84166501982', 'NO', ''), -- 3
    ('19726485225', 'YES', ''); -- 4

INSERT INTO pleito (nome, quantidade_votos)
VALUES 
    ('Eleições Gerais para o Estado Brasileiro', '77982024');

INSERT INTO cargo (id_cargo, titulo, tipo)
VALUES 
    ('Presidente', 'Federal');
    ('Vice-Presidente', 'Federal');

INSERT INTO equipe_de_apoio (nome, nro_membros)
VALUES 
    ('Equipe 1', '11'),
    ('Equipe 2', '12'),
    ('Equipe 3', '13'),
    ('Equipe 4', '11'),

INSERT INTO candidatura (candidato_principal, candidato_vice, cargo, equipe_de_apoio, pleito, ano)
VALUES 
    ('42519862358', '12486525482', 'Presidente', 'Equipe 1', 'Eleições Gerais para o Estado Brasileiro', '2022'),
    ('46603592128', '66507824902', 'Presidente', 'Equipe 2', 'Eleições Gerais para o Estado Brasileiro', '2022'),
    ('84166501982', NULL, 'Presidente', 'Equipe 3', 'Eleições Gerais para o Estado Brasileiro', '2022'), 
    ('19726485225', '49925812673', 'Presidente', 'Equipe 4', 'Eleições Gerais para o Estado Brasileiro', '2022');

INSERT INTO doadores (cpf, valor_doação, candidatura)
VALUES 
    ('75395102846', '85000', ''),
    ('45619732808', '270000', ''),
    ('48265913870', '1000000', ''),
    ('85296374100', '510000', '');

INSERT INTO empresa (cnpj, nome, localização, valor_doação, candidatura)
VALUES 
    ('12345678000198', 'Tech Solutions SA', 'São Paulo', '500000', 'Candidata 1'),
    ('98765432000102', 'InovaTech LTDA', 'Rio de Janeiro', '2000000', 'Candidata 2'),
    ('54321098000187', 'Green Energy Corp', 'Minas Gerais', '2500000', 'Candidata 3'),
    ('87654321000165', 'AgroTech Solutions', 'Paraná', '4000000', 'Candidata 4'),
    ('21098765000154', 'HealthTech Innovations', 'Santa Catarina', '3000000', 'Candidata 1'),
    ('65432109000132', 'EduTech Group', 'Rio Grande do Sul', '4500000', 'Candidata 2'),
    ('09876543000121', 'FinTech Services', 'Bahia', '8000000', 'Candidata 3'),
    ('32109876000110', 'BioTech Research', 'Pernambuco', '850000', 'Candidata 4');


INSERT INTO participantes_equipe_de_apoio (cpf, equipe_de_apoio)
VALUES 
    -- Integrantes Equipes de Apoio 1: 
    ('74185296311', ''),
    ('58962374122', ''),
    ('96385274133', ''),
    ('23147896544', ''),
    ('78945612355', ''),
    ('36925814766', ''), 
    ('45678912377', ''),
    ('12398745688', ''),
    ('98745632199', ''),
    ('65412398700', ''),
    ('85296374101', ''), 
    -- Integrantes Equipe de Apoio 2:
    ('58962374102', ''), 
    ('96385274103', ''),
    ('23147896504', ''),
    ('78945612305', ''),
    ('36925814706', ''),
    ('45678912307', ''),
    ('12398745608', ''),
    ('98745632109', ''),
    ('65412398710', ''),
    ('74185296311', ''),
    ('23741589612', ''),
    -- Intehrantes da Equipe 3:
    ('96385274113', ''),
    ('47896523114', ''),
    ('45612378915', ''),
    ('25814736916', ''),
    ('12345678917', ''),
    ('98765432118', ''),
    ('32165498719', ''),
    ('98712365420', ''),
    ('58962374121', ''),
    ('96385274122', ''),
    ('23147896523', ''),
    ('78945612324', ''),
    ('36925814725', ''),
    -- Integrantes da Equipe 4:
    ('45678912326', ''),
    ('12398745627', ''),
    ('98745632128', ''),
    ('65412398729', ''), 
    ('74185296330', ''), 
    ('23741589631', ''), 
    ('96385274132', ''),
    ('47896523133', ''), 
    ('45612378934', ''),
    ('25814736935', ''), 
    ('12345678936', '');





